[
    {

        "featureType": "landscape",
        "stylers": [
            {
                "visibility": "off"
            }
        ]
    },
    {
        "featureType": "transit",
        "stylers": [
            {
                "visibility": "off"
            }
        ]
    },
    {
        "featureType": "poi.park",
        "elementType": "labels",
        "stylers": [
            {
                "visibility": "off"
            }
        ]
    },
    {
        "featureType": "poi.park",
        "elementType": "geometry.fill",
        "stylers": [
            {
                "color": "#d3d3d3"
            },
            {
                "visibility": "on"
            }
        ]
    },
    {
        "featureType": "road",
        "elementType": "geometry.stroke",
        "stylers": [
            {
                "visibility": "off"
            }
        ]
    },
    {
        "featureType": "landscape",
        "stylers": [
            {
                "visibility": "on"
            },
            {
                "color": "#b1bc39"
            }
        ]
    },
    {
        "featureType": "landscape.man_made",
        "stylers": [
            {
                "visibility": "on"
            },
            {
                "color": "#ebad02"
            }
        ]
    },
    {
        "featureType": "water",
        "elementType": "geometry.fill",
        "stylers": [
            {
                "visibility": "on"
            },
            {
                "color": "#416d9f"
            }
        ]
    },
    {
        "featureType": "road",
        "elementType": "labels.text.fill",
        "stylers": [
            {
                "visibility": "on"
            },
            {
                "color": "#000000"
            }
        ]
    },
    {
        "featureType": "road",
        "elementType": "labels.text.stroke",
        "stylers": [
            {
                "visibility": "off"
            },
            {
                "color": "#ffffff"
            }
        ]
    },
    {
        "featureType": "administrative",
        "elementType": "labels.text.fill",
        "stylers": [
            {
                "visibility": "on"
            },
            {
                "color": "#000000"
            }
        ]
    },
    {
        "featureType": "road",
        "elementType": "geometry.fill",
        "stylers": [
            {
                "visibility": "on"
            },
            {
                "color": "#ffffff"
            }
        ]
    },
    {
        "featureType": "road",
        "elementType": "labels.icon",
        "stylers": [
            {
                "visibility": "off"
            }
        ]
    },
    {
        "featureType": "water",
        "elementType": "labels",
        "stylers": [
            {
                "visibility": "off"
            }
        ]
    },
    {
        "featureType": "poi",
        "elementType": "geometry.fill",
        "stylers": [
            {
                "color": "#ebad02"
            }
        ]
    },
    {
        "featureType": "poi.park",
        "elementType": "geometry.fill",
        "stylers": [
            {
                "color": "#8ca83c"
            }
        ]
    }
]
